model,family,category,hf_id,revision,parameters,license,architecture,english_status,hindi_status,spanish_status,chat_template,quantization_supported,estimated_vram_gb,measured_peak_vram_gb,load_test,status,notes
Llama-3.1-8B-Instruct,Llama,general_purpose,meta-llama/Llama-3.1-8B-Instruct,0e9e39f249a80c85ad86791f88002edb82b03229,8.0B,Llama 3.1 Community License,causal_lm,OFFICIAL SUPPORT,OFFICIAL SUPPORT,OFFICIAL SUPPORT,llama-3,4bit (NF4 BitsAndBytes),5.5,N/A (Static Verification),PASSED (Metadata & Config),VERIFIED_ACTIVE,Fully verified and ready for benchmark execution.
Qwen3-8B,Qwen,general_reasoning_multilingual,Qwen/Qwen3-8B,99e0ff955745ba6d3e8e19b5b5463df2fa92cf7c,8.0B,Apache-2.0,causal_lm,OFFICIAL SUPPORT,OFFICIAL SUPPORT,OFFICIAL SUPPORT,chatml,4bit (NF4 BitsAndBytes),5.8,N/A (Static Verification),PASSED (Metadata & Config),VERIFIED_ACTIVE,Thinking/reasoning mode disabled for primary IVE evaluation.
Qwen2.5-7B-Instruct,Qwen,general_multilingual,Qwen/Qwen2.5-7B-Instruct,d7dbd9a368d40be42e01dfa9290f671dc405a767,7.6B,Apache-2.0,causal_lm,OFFICIAL SUPPORT,OFFICIAL SUPPORT,OFFICIAL SUPPORT,chatml,4bit (NF4 BitsAndBytes),5.5,N/A (Static Verification),PASSED (Metadata & Config),VERIFIED_ACTIVE,Fully verified and ready for benchmark execution.
Gemma-3-4B-IT,Gemma,lightweight_multilingual,google/gemma-3-4b-it,54d5e94bbfb1d83ce93f9c6be3d5a4be461f95a4,4.0B,Gemma Terms of Use,causal_lm,OFFICIAL SUPPORT,OFFICIAL SUPPORT,OFFICIAL SUPPORT,gemma,4bit (NF4 BitsAndBytes),3.2,N/A (Static Verification),PASSED (Metadata & Config),VERIFIED_ACTIVE,Fully verified and ready for benchmark execution.
Gemma-3-12B-IT,Gemma,larger_multilingual,google/gemma-3-12b-it,18f8e8f81014e7a89b3f3b97b0a7018861df40bb,12.0B,Gemma Terms of Use,causal_lm,OFFICIAL SUPPORT,OFFICIAL SUPPORT,OFFICIAL SUPPORT,gemma,4bit (NF4 BitsAndBytes),8.5,N/A (Static Verification),PASSED (Metadata & Config),VERIFIED_ACTIVE,12B scale requires batch_size=1 and 4-bit quantization on 16GB GPUs.
Aya-Expanse-8B,Aya,multilingual_specialist,CohereLabs/aya-expanse-8b,4668b5ceb3c3b0fb320daef7d39366e408d6d6fb,8.0B,CC-BY-NC-4.0,causal_lm,OFFICIAL SUPPORT,OFFICIAL SUPPORT,OFFICIAL SUPPORT,aya,4bit (NF4 BitsAndBytes),5.5,N/A (Static Verification),PASSED (Metadata & Config),VERIFIED_ACTIVE,Fully verified and ready for benchmark execution.
Command-R7B,Command,multilingual_general,CohereLabs/c4ai-command-r7b-12-2024,68a6f4438343f87532a32c25602410a8d6e355c2,7.0B,CC-BY-NC-4.0,causal_lm,OFFICIAL SUPPORT,OFFICIAL SUPPORT,OFFICIAL SUPPORT,command-r,4bit (NF4 BitsAndBytes),5.5,N/A (Static Verification),PASSED (Metadata & Config),VERIFIED_ACTIVE,Gated model: Requires accepting Hugging Face license and HF_TOKEN authentication.; Gated repository: requires Hugging Face authentication.
BLOOMZ-7B1-MT,BLOOMZ,multilingual_instruction,bigscience/bloomz-7b1-mt,5767b45f479d2b2deaa439a3f4e24eb5ee8225e0,7.1B,BigScience OpenRAIL-M v1,causal_lm,OFFICIAL SUPPORT,OFFICIAL SUPPORT,OFFICIAL SUPPORT,plain_prompt,4bit (NF4 BitsAndBytes),5.2,N/A (Static Verification),PASSED (Metadata & Config),VERIFIED_ACTIVE,Instruction-tuned on xP3mt multilingual prompt dataset.
mT0-XL,mT0,crosslingual_instruction,bigscience/mt0-xl,f78a2e7b57b98ae2e5d1a5aaebfae498c8cb5f87,3.7B,Apache-2.0,seq2seq,OFFICIAL SUPPORT,OFFICIAL SUPPORT,OFFICIAL SUPPORT,seq2seq_prompt,4bit (NF4 BitsAndBytes),3.5,N/A (Static Verification),PASSED (Metadata & Config),VERIFIED_ACTIVE,Dedicated Seq2SeqRunner (AutoModelForSeq2SeqLM) required.
